Word,Level
kick,Elementary
kind,Elementary
helpful,Elementary
leaf,Preschool
formulate,Middle
below,Elementary
giant,Elementary
notion,Middle
box,Preschool
derive,Middle
eloquent,Middle
chair,Preschool
tree,Preschool
robot,Elementary
analogous,Middle
apple,Preschool
circle,Elementary
chair,Preschool
notorious,Middle
verify,Middle
tree,Preschool
yellow,Preschool
milk,Preschool
heritage,Middle
adventure,Elementary
utilize,Middle
detrimental,Middle
brave,Elementary
happy,Preschool
quiet,Elementary
friend,Elementary
joke,Elementary
bird,Preschool
benevolent,Middle
book,Preschool
ball,Preschool
thesis,Middle
water,Preschool
jelly,Preschool
circle,Elementary
open,Preschool
dog,Preschool
ink,Preschool
hat,Preschool
robot,Elementary
helpful,Elementary
zealous,Middle
open,Preschool
rhetoric,Middle
puzzle,Elementary
adventure,Elementary
legislative,Middle
xylophone,Preschool
subtle,Middle
hand,Preschool
benevolent,Middle
story,Elementary
chair,Preschool
cite,Middle
brave,Elementary
jelly,Preschool
milk,Preschool
cat,Preschool
bird,Preschool
book,Preschool
puzzle,Elementary
adventure,Elementary
planet,Elementary
quiz,Elementary
quiet,Preschool
team,Elementary
notion,Middle
yield,Middle
visit,Elementary
red,Preschool
key,Preschool
genre,Middle
yearn,Middle
wary,Middle
genre,Middle
gravity,Elementary
unicorn,Elementary
open,Preschool
kind,Elementary
benevolent,Middle
yes,Preschool
zealous,Middle
puzzle,Elementary
bias,Middle
fluctuate,Middle
van,Preschool
kick,Elementary
opposition,Middle
story,Elementary
ocean,Elementary
happy,Preschool
fluctuate,Middle
query,Middle
frog,Preschool
friend,Elementary
zealous,Middle
under,Preschool
zoo,Preschool
wonder,Elementary
giant,Elementary
water,Preschool
unicorn,Elementary
grape,Preschool
ink,Preschool
laugh,Elementary
litigate,Middle
bird,Preschool
juxtapose,Middle
utilize,Middle
pig,Preschool
genre,Middle
apple,Preschool
open,Preschool
climb,Elementary
planet,Elementary
rhetoric,Middle
brave,Elementary
key,Preschool
friend,Elementary
unicorn,Elementary
yearn,Middle
brave,Elementary
orange,Preschool
under,Preschool
car,Preschool
bias,Middle
observe,Elementary
excite,Elementary
honest,Elementary
ear,Preschool
queen,Preschool
queen,Preschool
quiz,Elementary
team,Elementary
revise,Middle
cite,Middle
robot,Elementary
xenophobia,Middle
derive,Middle
zealous,Middle
foot,Preschool
opposition,Middle
wary,Middle
metaphor,Middle
foot,Preschool
energy,Elementary
interpret,Middle
sun,Preschool
quarantine,Middle
frog,Preschool
visit,Elementary
egg,Preschool
thesis,Middle
divide,Elementary
juxtapose,Middle
forest,Elementary
giant,Elementary
go,Preschool
pig,Preschool
gravity,Elementary
excite,Elementary
hat,Preschool
subtle,Middle
interpret,Middle
chair,Preschool
xenophobia,Middle
formulate,Middle
helpful,Elementary
quiet,Preschool
coincide,Middle
forest,Elementary
significance,Middle
circle,Elementary
gift,Preschool
above,Elementary
sock,Preschool
bias,Middle
divide,Elementary
metaphor,Middle
egg,Preschool
jelly,Preschool
milk,Preschool
hypothesis,Middle
yell,Elementary
quiet,Elementary
van,Preschool
island,Elementary
visit,Elementary
jelly,Preschool
below,Elementary
benevolent,Middle
ice,Preschool
xenophobia,Middle
fish,Preschool
queen,Preschool
quiz,Elementary
climb,Elementary
grape,Preschool
objective,Middle
excite,Elementary
climb,Elementary
benevolent,Middle
detrimental,Middle
car,Preschool
grievance,Middle
significance,Middle
joke,Elementary
mirror,Elementary
xenophobia,Middle
sun,Preschool
up,Preschool
hand,Preschool
frog,Preschool
night,Elementary
notion,Middle
giant,Elementary
below,Elementary
dog,Preschool
query,Middle
helpful,Elementary
moon,Preschool
toy,Preschool
evaluate,Middle
zebra,Elementary
dance,Preschool
lesson,Elementary
visit,Elementary
analogous,Middle
open,Preschool
fish,Preschool
story,Elementary
dance,Preschool
magic,Elementary
revise,Middle
rain,Preschool
wary,Middle
moon,Preschool
evaluate,Middle
wonder,Elementary
van,Preschool
xylophone,Preschool
night,Elementary
go,Preschool
quiet,Preschool
opposition,Middle
night,Elementary
divide,Elementary
gift,Preschool
excite,Elementary
abolish,Middle
verify,Middle
science,Elementary
fluctuate,Middle
withstand,Middle
formulate,Middle
quiet,Elementary
ocean,Elementary
in,Preschool
honest,Elementary
jelly,Preschool
precedent,Middle
fluctuate,Middle
rhetoric,Middle
litigate,Middle
king,Preschool
wonder,Elementary
magic,Elementary
subtle,Middle
door,Preschool
neighbor,Elementary
quiet,Elementary
bias,Middle
honest,Elementary
red,Preschool
red,Preschool
laugh,Elementary
fish,Preschool
book,Preschool
egg,Preschool
net,Preschool
excite,Elementary
foot,Preschool
precedent,Middle
dog,Preschool
grape,Preschool
inference,Middle
mediate,Middle
honest,Elementary
brave,Elementary
divide,Elementary
withstand,Middle
hat,Preschool
litigate,Middle
notorious,Middle
red,Preschool
nose,Preschool
quiet,Elementary
nose,Preschool
planet,Elementary
juxtapose,Middle
van,Preschool
gravity,Elementary
team,Elementary
above,Elementary
yes,Preschool
hand,Preschool
gravity,Elementary
zipper,Preschool
litigate,Middle
mirror,Elementary
notion,Middle
dog,Preschool
inference,Middle
idea,Elementary
night,Elementary
quiz,Elementary
toy,Preschool
verify,Middle
derive,Middle
divide,Elementary
helpful,Elementary
king,Preschool
yearn,Middle
transcend,Middle
precedent,Middle
tree,Preschool
mirror,Elementary
energy,Elementary
above,Elementary
magic,Elementary
withstand,Middle
evaluate,Middle
brave,Elementary
quarantine,Middle
climb,Elementary
derive,Middle
sock,Preschool
puzzle,Elementary
revise,Middle
rain,Preschool
zebra,Elementary
detrimental,Middle
frog,Preschool
rescue,Elementary
book,Preschool
kind,Elementary
xenophobia,Middle
box,Preschool
zealous,Middle
grievance,Middle
sun,Preschool
subtle,Middle
apple,Preschool
hypothesis,Middle
kick,Elementary
zealous,Middle
quarantine,Middle
below,Elementary
up,Preschool
jump,Preschool
jump,Preschool
discover,Elementary
energy,Elementary
neighbor,Elementary
transcend,Middle
milk,Preschool
yes,Preschool
circle,Elementary
laugh,Elementary
kite,Preschool
x-ray,Elementary
excite,Elementary
rescue,Elementary
happy,Preschool
quiet,Elementary
book,Preschool
analogous,Middle
in,Preschool
fish,Preschool
jump,Preschool
eloquent,Middle
visit,Elementary
hat,Preschool
cat,Preschool
robot,Elementary
withstand,Middle
zebra,Elementary
above,Elementary
observe,Elementary
utilize,Middle
lesson,Elementary
hand,Preschool
open,Preschool
under,Preschool
verify,Middle
juice,Preschool
thesis,Middle
divide,Elementary
subtle,Middle
bias,Middle
neighbor,Elementary
apple,Preschool
juxtapose,Middle
ear,Preschool
litigate,Middle
honest,Elementary
nose,Preschool
wonder,Elementary
door,Preschool
car,Preschool
visit,Elementary
zebra,Elementary
book,Preschool
mirror,Elementary
zipper,Preschool
net,Preschool
opposition,Middle
lesson,Elementary
joke,Elementary
orange,Preschool
leaf,Preschool
car,Preschool
toy,Preschool
egg,Preschool
fish,Preschool
zealous,Middle
car,Preschool
quarantine,Middle
magic,Elementary
friend,Elementary
energy,Elementary
discover,Elementary
night,Elementary
detrimental,Middle
foot,Preschool
pig,Preschool
puzzle,Elementary
rhetoric,Middle
climb,Elementary
grievance,Middle
go,Preschool
yearn,Middle
withstand,Middle
ear,Preschool
benevolent,Middle
subtle,Middle
climb,Elementary
mediate,Middle
quiet,Elementary
mirror,Elementary
dog,Preschool
story,Elementary
ice,Preschool
apple,Preschool
zipper,Preschool
rescue,Elementary
pencil,Preschool
sock,Preschool
car,Preschool
helpful,Elementary
unicorn,Elementary
under,Preschool
dog,Preschool
red,Preschool
inference,Middle
ink,Preschool
objective,Middle
quarantine,Middle
rain,Preschool
thesis,Middle
thesis,Middle
revise,Middle
heritage,Middle
kick,Elementary
planet,Elementary
detrimental,Middle
ear,Preschool
quiet,Elementary
inference,Middle
revise,Middle
query,Middle
metaphor,Middle
rhetoric,Middle
open,Preschool
evaluate,Middle
book,Preschool
joke,Elementary
derive,Middle
notorious,Middle
robot,Elementary
yes,Preschool
box,Preschool
transcend,Middle
kite,Preschool
significance,Middle
yell,Elementary
kite,Preschool
yellow,Preschool
legislative,Middle
quiet,Preschool
puzzle,Elementary
legislative,Middle
kick,Elementary
utilize,Middle
hand,Preschool
formulate,Middle
door,Preschool
zoo,Preschool
puzzle,Elementary
hand,Preschool
mediate,Middle
jelly,Preschool
watch,Preschool
idea,Elementary
above,Elementary
hand,Preschool
bird,Preschool
team,Elementary
hat,Preschool
chair,Preschool
joke,Elementary
zealot,Middle
paradox,Middle
magic,Elementary
significance,Middle
fluctuate,Middle
kind,Elementary
wonder,Elementary
zealous,Middle
box,Preschool
analogous,Middle
rescue,Elementary
quarantine,Middle
mirror,Elementary
discover,Elementary
interpret,Middle
science,Elementary
hat,Preschool
zealous,Middle
car,Preschool
gravity,Elementary
book,Preschool
thesis,Middle
detrimental,Middle
toy,Preschool
lesson,Elementary
unanimous,Middle
sun,Preschool
robot,Elementary
foot,Preschool
unanimous,Middle
ball,Preschool
watch,Preschool
fish,Preschool
quiet,Preschool
formulate,Middle
cite,Middle
subtle,Middle
toy,Preschool
watch,Preschool
unicorn,Elementary
circle,Elementary
sun,Preschool
night,Elementary
hypothesis,Middle
grape,Preschool
hat,Preschool
rhetoric,Middle
yell,Elementary
heritage,Middle
gift,Preschool
kite,Preschool
foot,Preschool
story,Elementary
toy,Preschool
sock,Preschool
book,Preschool
evaluate,Middle
legislative,Middle
lion,Preschool
climb,Elementary
transcend,Middle
visit,Elementary
queen,Preschool
friend,Elementary
fluctuate,Middle
notion,Middle
mediate,Middle
night,Elementary
kind,Elementary
tree,Preschool
mediate,Middle
king,Preschool
kick,Elementary
idea,Elementary
red,Preschool
pencil,Preschool
vase,Preschool
wonder,Elementary
kind,Elementary
gravity,Elementary
happy,Preschool
kind,Elementary
analogous,Middle
cite,Middle
thesis,Middle
tree,Preschool
benevolent,Middle
discover,Elementary
brave,Elementary
xenophobia,Middle
ocean,Elementary
below,Elementary
hand,Preschool
milk,Preschool
wary,Middle
cat,Preschool
neighbor,Elementary
observe,Elementary
objective,Middle
transcend,Middle
moon,Preschool
idea,Elementary
kind,Elementary
ear,Preschool
in,Preschool
metaphor,Middle
interpret,Middle
opposition,Middle
significance,Middle
net,Preschool
significance,Middle
ink,Preschool
zealous,Middle
helpful,Elementary
climb,Elementary
robot,Elementary
story,Elementary
verify,Middle
egg,Preschool
science,Elementary
inference,Middle
jelly,Preschool
queen,Preschool
team,Elementary
x-ray,Elementary
toy,Preschool
vulnerable,Middle
revise,Middle
revise,Middle
heritage,Middle
divide,Elementary
inference,Middle
jump,Preschool
precedent,Middle
orange,Preschool
quarantine,Middle
zealous,Middle
lion,Preschool
red,Preschool
thesis,Middle
notorious,Middle
van,Preschool
kick,Elementary
wonder,Elementary
inference,Middle
laugh,Elementary
zoo,Preschool
notorious,Middle
lion,Preschool
paradox,Middle
circle,Elementary
ear,Preschool
opposition,Middle
friend,Elementary
kinetic,Middle
mediate,Middle
inference,Middle
mirror,Elementary
cat,Preschool
eloquent,Middle
energy,Elementary
brave,Elementary
adventure,Elementary
team,Elementary
vulnerable,Middle
bias,Middle
circle,Elementary
energy,Elementary
thesis,Middle
litigate,Middle
thesis,Middle
unanimous,Middle
climb,Elementary
quiet,Elementary
pig,Preschool
helpful,Elementary
in,Preschool
withstand,Middle
yellow,Preschool
yearn,Middle
sock,Preschool
box,Preschool
milk,Preschool
heritage,Middle
team,Elementary
science,Elementary
yes,Preschool
above,Elementary
transcend,Middle
forest,Elementary
heritage,Middle
foot,Preschool
king,Preschool
observe,Elementary
planet,Elementary
x-ray,Elementary
abolish,Middle
quiet,Preschool
night,Elementary
energy,Elementary
moon,Preschool
laugh,Elementary
juxtapose,Middle
rain,Preschool
yield,Middle
rescue,Elementary
jelly,Preschool
rhetoric,Middle
brave,Elementary
unanimous,Middle
pencil,Preschool
pig,Preschool
x-ray,Elementary
verify,Middle
watch,Preschool
divide,Elementary
van,Preschool
brave,Elementary
interpret,Middle
pig,Preschool
kind,Elementary
query,Middle
puzzle,Elementary
king,Preschool
wary,Middle
pencil,Preschool
jungle,Elementary
discover,Elementary
dance,Preschool
formulate,Middle
cat,Preschool
apple,Preschool
notorious,Middle
grape,Preschool
discover,Elementary
coincide,Middle
jump,Preschool
unanimous,Middle
inference,Middle
water,Preschool
paradox,Middle
mediate,Middle
quarantine,Middle
revise,Middle
jungle,Elementary
kite,Preschool
unanimous,Middle
planet,Elementary
hat,Preschool
yellow,Preschool
island,Elementary
unanimous,Middle
bird,Preschool
watch,Preschool
net,Preschool
science,Elementary
evaluate,Middle
gift,Preschool
honest,Elementary
jelly,Preschool
yearn,Middle
notorious,Middle
abolish,Middle
island,Elementary
xenophobia,Middle
queen,Preschool
zoo,Preschool
rain,Preschool
yell,Elementary
neighbor,Elementary
rhetoric,Middle
team,Elementary
utilize,Middle
coincide,Middle
hat,Preschool
kinetic,Middle
mirror,Elementary
xylophone,Preschool
lesson,Elementary
detrimental,Middle
friend,Elementary
door,Preschool
energy,Elementary
dance,Preschool
nose,Preschool
precedent,Middle
zealot,Middle
discover,Elementary
adventure,Elementary
evaluate,Middle
cite,Middle
in,Preschool
heritage,Middle
grape,Preschool
utilize,Middle
van,Preschool
significance,Middle
yellow,Preschool
juxtapose,Middle
brave,Elementary
derive,Middle
adventure,Elementary
jungle,Elementary
above,Elementary
zealot,Middle
lesson,Elementary
yellow,Preschool
idea,Elementary
watch,Preschool
egg,Preschool
jump,Preschool
zealot,Middle
justify,Middle
objective,Middle
grievance,Middle
notion,Middle
fluctuate,Middle
revise,Middle
pencil,Preschool
up,Preschool
transcend,Middle
quiet,Elementary
rhetoric,Middle
gravity,Elementary
kind,Elementary
kick,Elementary
evaluate,Middle
thesis,Middle
joke,Elementary
orange,Preschool
puzzle,Elementary
idea,Elementary
genre,Middle
notorious,Middle
xenophobia,Middle
nose,Preschool
frog,Preschool
cat,Preschool
happy,Preschool
benevolent,Middle
water,Preschool
litigate,Middle
justify,Middle
transcend,Middle
up,Preschool
dance,Preschool
queen,Preschool
fluctuate,Middle
yellow,Preschool
red,Preschool
lesson,Elementary
inference,Middle
story,Elementary
frog,Preschool
quarantine,Middle
robot,Elementary
science,Elementary
visit,Elementary
foot,Preschool
query,Middle
magic,Elementary
query,Middle
cat,Preschool
below,Elementary
x-ray,Elementary
notion,Middle
robot,Elementary
sun,Preschool
quiz,Elementary
significance,Middle
queen,Preschool
mirror,Elementary
vase,Preschool
king,Preschool
leaf,Preschool
zipper,Preschool
mediate,Middle
yellow,Preschool
circle,Elementary
laugh,Elementary
sun,Preschool
rescue,Elementary
box,Preschool
king,Preschool
precedent,Middle
coincide,Middle
verify,Middle
yell,Elementary
hand,Preschool
x-ray,Elementary
bias,Middle
coincide,Middle
forest,Elementary
zoo,Preschool
paradox,Middle
orange,Preschool
subtle,Middle
lion,Preschool
hypothesis,Middle
energy,Elementary
kind,Elementary
idea,Elementary
orange,Preschool
precedent,Middle
ball,Preschool
helpful,Elementary
discover,Elementary
planet,Elementary
interpret,Middle
unicorn,Elementary
zebra,Elementary
yell,Elementary
kick,Elementary
climb,Elementary
derive,Middle
in,Preschool
robot,Elementary
moon,Preschool
apple,Preschool
below,Elementary
red,Preschool
grievance,Middle
jungle,Elementary
team,Elementary
jungle,Elementary
quiz,Elementary
zipper,Preschool
utilize,Middle
ocean,Elementary
yellow,Preschool
x-ray,Elementary
withstand,Middle
sock,Preschool
justify,Middle
tree,Preschool
magic,Elementary
in,Preschool
coincide,Middle
significance,Middle
laugh,Elementary
rhetoric,Middle
watch,Preschool
joke,Elementary
unicorn,Elementary
abolish,Middle
ocean,Elementary
jelly,Preschool
discover,Elementary
heritage,Middle
zealous,Middle
juxtapose,Middle
notorious,Middle
metaphor,Middle
van,Preschool
go,Preschool
thesis,Middle
precedent,Middle
ice,Preschool
heritage,Middle
subtle,Middle
notion,Middle
frog,Preschool
xylophone,Preschool
inference,Middle
legislative,Middle
dog,Preschool
robot,Elementary
litigate,Middle
withstand,Middle
sun,Preschool
vase,Preschool
wonder,Elementary
x-ray,Elementary
robot,Elementary
formulate,Middle
rain,Preschool
quiet,Elementary
zoo,Preschool
red,Preschool
grievance,Middle
quarantine,Middle
cat,Preschool
rhetoric,Middle
king,Preschool
laugh,Elementary
xenophobia,Middle
dog,Preschool
magic,Elementary
vulnerable,Middle
above,Elementary
egg,Preschool
puzzle,Elementary
pencil,Preschool
planet,Elementary
idea,Elementary
friend,Elementary
ear,Preschool
coincide,Middle
quarantine,Middle
yes,Preschool
quiet,Preschool
ball,Preschool
ball,Preschool
laugh,Elementary
cite,Middle
evaluate,Middle
neighbor,Elementary
zipper,Preschool
magic,Elementary
observe,Elementary
egg,Preschool
genre,Middle
queen,Preschool
genre,Middle
mediate,Middle
yield,Middle
mediate,Middle
quiet,Preschool
transcend,Middle
adventure,Elementary
circle,Elementary
sun,Preschool
magic,Elementary
circle,Elementary
kinetic,Middle
kick,Elementary
robot,Elementary
wonder,Elementary
query,Middle
kinetic,Middle
quiz,Elementary
hypothesis,Middle
apple,Preschool
unanimous,Middle
interpret,Middle
yell,Elementary
tree,Preschool
bird,Preschool
joke,Elementary
mirror,Elementary
adventure,Elementary
verify,Middle
litigate,Middle
joke,Elementary
zoo,Preschool
notion,Middle
ice,Preschool
observe,Elementary
ice,Preschool
science,Elementary
laugh,Elementary
book,Preschool
vulnerable,Middle
hat,Preschool
xylophone,Preschool
x-ray,Elementary
lesson,Elementary
go,Preschool
open,Preschool
zebra,Elementary
query,Middle
legislative,Middle
above,Elementary
zebra,Elementary
key,Preschool
jump,Preschool
magic,Elementary
foot,Preschool
benevolent,Middle
notorious,Middle
rescue,Elementary
xenophobia,Middle
derive,Middle
neighbor,Elementary
jelly,Preschool
friend,Elementary
justify,Middle
quiet,Preschool
hypothesis,Middle
justify,Middle
metaphor,Middle
utilize,Middle
story,Elementary
rescue,Elementary
quarantine,Middle
egg,Preschool
island,Elementary
planet,Elementary
litigate,Middle
key,Preschool
quiet,Elementary
utilize,Middle
xenophobia,Middle
magic,Elementary
energy,Elementary
dog,Preschool
metaphor,Middle
ear,Preschool
ear,Preschool
honest,Elementary
vase,Preschool
legislative,Middle
apple,Preschool
puzzle,Elementary
brave,Elementary
fish,Preschool
withstand,Middle
zipper,Preschool
climb,Elementary
laugh,Elementary
quiet,Elementary
zipper,Preschool
xylophone,Preschool
juxtapose,Middle
joke,Elementary
night,Elementary
benevolent,Middle
excite,Elementary
happy,Preschool
discover,Elementary
open,Preschool
lesson,Elementary
kinetic,Middle
visit,Elementary
mirror,Elementary
vulnerable,Middle
grape,Preschool
orange,Preschool
discover,Elementary
bird,Preschool
kite,Preschool
juxtapose,Middle
yellow,Preschool
lion,Preschool
fish,Preschool
helpful,Elementary
above,Elementary
grape,Preschool
visit,Elementary
utilize,Middle
genre,Middle
benevolent,Middle
jungle,Elementary
hat,Preschool
verify,Middle
grape,Preschool
neighbor,Elementary
metaphor,Middle
leaf,Preschool
wonder,Elementary
neighbor,Elementary
precedent,Middle
xylophone,Preschool
hypothesis,Middle
net,Preschool
van,Preschool
cat,Preschool
formulate,Middle
mediate,Middle
yes,Preschool
notorious,Middle
juice,Preschool
xylophone,Preschool
unanimous,Middle
coincide,Middle
leaf,Preschool
ice,Preschool
adventure,Elementary
giant,Elementary
go,Preschool
watch,Preschool
juice,Preschool
ice,Preschool
unanimous,Middle
ear,Preschool
paradox,Middle
observe,Elementary
ice,Preschool
zebra,Elementary
evaluate,Middle
brave,Elementary
thesis,Middle
kite,Preschool
nose,Preschool
ink,Preschool
dance,Preschool
cite,Middle
juice,Preschool
notion,Middle
yellow,Preschool
heritage,Middle
juxtapose,Middle
xenophobia,Middle
adventure,Elementary
zebra,Elementary
zebra,Elementary
water,Preschool
grievance,Middle
mediate,Middle
kick,Elementary
fluctuate,Middle
milk,Preschool
red,Preschool
giant,Elementary
eloquent,Middle
ice,Preschool
above,Elementary
queen,Preschool
hat,Preschool
ocean,Elementary
under,Preschool
paradox,Middle
water,Preschool
ball,Preschool
vulnerable,Middle
paradox,Middle
jungle,Elementary
legislative,Middle
abolish,Middle
below,Elementary
gift,Preschool
adventure,Elementary
quiet,Elementary
revise,Middle
withstand,Middle
yield,Middle
laugh,Elementary
objective,Middle
milk,Preschool
above,Elementary
wary,Middle
book,Preschool
quiz,Elementary
box,Preschool
island,Elementary
giant,Elementary
verify,Middle
ink,Preschool
hypothesis,Middle
yield,Middle
up,Preschool
evaluate,Middle
objective,Middle
heritage,Middle
metaphor,Middle
legislative,Middle
ink,Preschool
leaf,Preschool
yell,Elementary
quiz,Elementary
juice,Preschool
sock,Preschool
evaluate,Middle
joke,Elementary
up,Preschool
opposition,Middle
xenophobia,Middle
derive,Middle
precedent,Middle
subtle,Middle
island,Elementary
wonder,Elementary
zoo,Preschool
nose,Preschool
coincide,Middle
vase,Preschool
puzzle,Elementary
jelly,Preschool
rain,Preschool
giant,Elementary
genre,Middle
wary,Middle
bird,Preschool
sun,Preschool
friend,Elementary
zipper,Preschool
orange,Preschool
abolish,Middle
jump,Preschool
mirror,Elementary
car,Preschool
leaf,Preschool
yell,Elementary
metaphor,Middle
milk,Preschool
transcend,Middle
giant,Elementary
friend,Elementary
fluctuate,Middle
zebra,Elementary
genre,Middle
xylophone,Preschool
transcend,Middle
analogous,Middle
up,Preschool
science,Elementary
science,Elementary
mirror,Elementary
mediate,Middle
lesson,Elementary
nose,Preschool
objective,Middle
sock,Preschool
idea,Elementary
lion,Preschool
analogous,Middle
vase,Preschool
yield,Middle
giant,Elementary
cite,Middle
rhetoric,Middle
interpret,Middle
rhetoric,Middle
wonder,Elementary
yield,Middle
net,Preschool
yield,Middle
sun,Preschool
opposition,Middle
laugh,Elementary
go,Preschool
x-ray,Elementary
analogous,Middle
verify,Middle
up,Preschool
watch,Preschool
lesson,Elementary
grievance,Middle
gift,Preschool
neighbor,Elementary
bird,Preschool
unanimous,Middle
x-ray,Elementary
fish,Preschool
ear,Preschool
legislative,Middle
vulnerable,Middle
zealous,Middle
quiz,Elementary
under,Preschool
excite,Elementary
rain,Preschool
forest,Elementary
energy,Elementary
leaf,Preschool
below,Elementary
fluctuate,Middle
ocean,Elementary
dog,Preschool
pig,Preschool
zealot,Middle
moon,Preschool
dance,Preschool
quiz,Elementary
night,Elementary
observe,Elementary
grape,Preschool
ink,Preschool
utilize,Middle
verify,Middle
under,Preschool
cite,Middle
significance,Middle
island,Elementary
abolish,Middle
open,Preschool
precedent,Middle
pig,Preschool
car,Preschool
observe,Elementary
derive,Middle
forest,Elementary
inference,Middle
vulnerable,Middle
detrimental,Middle
planet,Elementary
vulnerable,Middle
wonder,Elementary
frog,Preschool
box,Preschool
laugh,Elementary
rescue,Elementary
zealot,Middle
visit,Elementary
coincide,Middle
fish,Preschool
frog,Preschool
jungle,Elementary
jungle,Elementary
eloquent,Middle
unicorn,Elementary
milk,Preschool
below,Elementary
puzzle,Elementary
ball,Preschool
inference,Middle
cite,Middle
objective,Middle
idea,Elementary
queen,Preschool
significance,Middle
kick,Elementary
derive,Middle
foot,Preschool
chair,Preschool
grape,Preschool
metaphor,Middle
heritage,Middle
joke,Elementary
yield,Middle
puzzle,Elementary
below,Elementary
science,Elementary
helpful,Elementary
below,Elementary
moon,Preschool
grievance,Middle
box,Preschool
observe,Elementary
verify,Middle
fluctuate,Middle
subtle,Middle
climb,Elementary
gravity,Elementary
excite,Elementary
litigate,Middle
unanimous,Middle
yell,Elementary
precedent,Middle
ink,Preschool
nose,Preschool
team,Elementary
excite,Elementary
laugh,Elementary
moon,Preschool
open,Preschool
unanimous,Middle
xylophone,Preschool
ocean,Elementary
quiet,Elementary
neighbor,Elementary
observe,Elementary
orange,Preschool
precedent,Middle
yellow,Preschool
ocean,Elementary
rain,Preschool
friend,Elementary
zealot,Middle
quiz,Elementary
juice,Preschool
withstand,Middle
science,Elementary
unicorn,Elementary
unicorn,Elementary
orange,Preschool
dance,Preschool
magic,Elementary
chair,Preschool
night,Elementary
apple,Preschool
orange,Preschool
friend,Elementary
honest,Elementary
cite,Middle
ball,Preschool
jump,Preschool
derive,Middle
revise,Middle
robot,Elementary
verify,Middle
kinetic,Middle
vulnerable,Middle
zebra,Elementary
door,Preschool
sun,Preschool
zoo,Preschool
hand,Preschool
honest,Elementary
withstand,Middle
kinetic,Middle
wonder,Elementary
withstand,Middle
xenophobia,Middle
divide,Elementary
planet,Elementary
quarantine,Middle
kick,Elementary
book,Preschool
coincide,Middle
quiz,Elementary
justify,Middle
ocean,Elementary
hypothesis,Middle
lesson,Elementary
kind,Elementary
transcend,Middle
climb,Elementary
night,Elementary
interpret,Middle
xenophobia,Middle
interpret,Middle
giant,Elementary
bias,Middle
circle,Elementary
dog,Preschool
coincide,Middle
gravity,Elementary
net,Preschool
tree,Preschool
box,Preschool
tree,Preschool
leaf,Preschool
chair,Preschool
zoo,Preschool
xylophone,Preschool
inference,Middle
energy,Elementary
climb,Elementary
cat,Preschool
lion,Preschool
hypothesis,Middle
orange,Preschool
objective,Middle
justify,Middle
zoo,Preschool
zoo,Preschool
queen,Preschool
wary,Middle
neighbor,Elementary
grape,Preschool
lion,Preschool
xenophobia,Middle
egg,Preschool
notion,Middle
happy,Preschool
justify,Middle
significance,Middle
yield,Middle
yield,Middle
heritage,Middle
detrimental,Middle
genre,Middle
juxtapose,Middle
kite,Preschool
door,Preschool
fish,Preschool
neighbor,Elementary
sun,Preschool
kite,Preschool
island,Elementary
door,Preschool
planet,Elementary
story,Elementary
hypothesis,Middle
pig,Preschool
friend,Elementary
ball,Preschool
puzzle,Elementary
heritage,Middle
van,Preschool
team,Elementary
story,Elementary
evaluate,Middle
kind,Elementary
wary,Middle
dog,Preschool
subtle,Middle
cat,Preschool
zoo,Preschool
adventure,Elementary
observe,Elementary
excite,Elementary
adventure,Elementary
forest,Elementary
hat,Preschool
toy,Preschool
below,Elementary
ocean,Elementary
climb,Elementary
interpret,Middle
paradox,Middle
open,Preschool
science,Elementary
quiet,Elementary
quiet,Preschool
juice,Preschool
juice,Preschool
leaf,Preschool
wonder,Elementary
grievance,Middle
door,Preschool
kind,Elementary
go,Preschool
vase,Preschool
story,Elementary
car,Preschool
paradox,Middle
queen,Preschool
opposition,Middle
dance,Preschool
juice,Preschool
foot,Preschool
juxtapose,Middle
team,Elementary
rescue,Elementary
yield,Middle
zipper,Preschool
night,Elementary
opposition,Middle
ocean,Elementary
utilize,Middle
visit,Elementary
hypothesis,Middle
jungle,Elementary
abolish,Middle
wonder,Elementary
under,Preschool
unicorn,Elementary
robot,Elementary
idea,Elementary
quarantine,Middle
yield,Middle
neighbor,Elementary
observe,Elementary
robot,Elementary
net,Preschool
key,Preschool
energy,Elementary
quiet,Elementary
opposition,Middle
eloquent,Middle
helpful,Elementary
precedent,Middle
jungle,Elementary
wary,Middle
lion,Preschool
wonder,Elementary
detrimental,Middle
juice,Preschool
thesis,Middle
zoo,Preschool
quiet,Preschool
giant,Elementary
zealot,Middle
book,Preschool
watch,Preschool
helpful,Elementary
above,Elementary
mediate,Middle
coincide,Middle
eloquent,Middle
story,Elementary
heritage,Middle
rescue,Elementary
abolish,Middle
precedent,Middle
zealous,Middle
yell,Elementary
gift,Preschool
chair,Preschool
milk,Preschool
helpful,Elementary
transcend,Middle
legislative,Middle
justify,Middle
ball,Preschool
subtle,Middle
joke,Elementary
paradox,Middle
team,Elementary
kinetic,Middle
ocean,Elementary
kick,Elementary
coincide,Middle
derive,Middle
xenophobia,Middle
quarantine,Middle
vulnerable,Middle
under,Preschool
moon,Preschool
laugh,Elementary
interpret,Middle
giant,Elementary
moon,Preschool
science,Elementary
objective,Middle
xylophone,Preschool
bird,Preschool
transcend,Middle
planet,Elementary
zealot,Middle
ocean,Elementary
abolish,Middle
kinetic,Middle
dance,Preschool
eloquent,Middle
detrimental,Middle
climb,Elementary
adventure,Elementary
hand,Preschool
net,Preschool
idea,Elementary
above,Elementary
fluctuate,Middle
heritage,Middle
observe,Elementary
kinetic,Middle
hypothesis,Middle
quiet,Preschool
x-ray,Elementary
grievance,Middle
van,Preschool
team,Elementary
honest,Elementary
fish,Preschool
juice,Preschool
justify,Middle
eloquent,Middle
giant,Elementary
watch,Preschool
kite,Preschool
notorious,Middle
ocean,Elementary
bird,Preschool
juxtapose,Middle
wonder,Elementary
lesson,Elementary
watch,Preschool
quarantine,Middle
moon,Preschool
planet,Elementary
zebra,Elementary
ocean,Elementary
ink,Preschool
story,Elementary
analogous,Middle
team,Elementary
quiet,Preschool
above,Elementary
objective,Middle
grievance,Middle
below,Elementary
objective,Middle
zebra,Elementary
jump,Preschool
quiz,Elementary
dance,Preschool
van,Preschool
formulate,Middle
yield,Middle
nose,Preschool
honest,Elementary
forest,Elementary
paradox,Middle
wonder,Elementary
island,Elementary
happy,Preschool
leaf,Preschool
pencil,Preschool
verify,Middle
helpful,Elementary
discover,Elementary
apple,Preschool
pig,Preschool
detrimental,Middle
energy,Elementary
jelly,Preschool
grape,Preschool
brave,Elementary
detrimental,Middle
chair,Preschool
honest,Elementary
below,Elementary
paradox,Middle
evaluate,Middle
joke,Elementary
orange,Preschool
notorious,Middle
yell,Elementary
egg,Preschool
significance,Middle
jungle,Elementary
coincide,Middle
juxtapose,Middle
analogous,Middle
mediate,Middle
revise,Middle
helpful,Elementary
fluctuate,Middle
vase,Preschool
query,Middle
wonder,Elementary
zoo,Preschool
giant,Elementary
hypothesis,Middle
verify,Middle
ink,Preschool
van,Preschool
legislative,Middle
mirror,Elementary
utilize,Middle
open,Preschool
story,Elementary
rescue,Elementary
kinetic,Middle
science,Elementary
foot,Preschool
analogous,Middle
frog,Preschool
ear,Preschool
go,Preschool
sock,Preschool
red,Preschool
open,Preschool
jump,Preschool
box,Preschool
ball,Preschool
tree,Preschool
circle,Elementary
grape,Preschool
kite,Preschool
eloquent,Middle
idea,Elementary
planet,Elementary
revise,Middle
visit,Elementary
eloquent,Middle
gravity,Elementary
kick,Elementary
island,Elementary
giant,Elementary
quiz,Elementary
climb,Elementary
divide,Elementary
net,Preschool
bias,Middle
utilize,Middle
notion,Middle
coincide,Middle
car,Preschool
zebra,Elementary
water,Preschool
discover,Elementary
unanimous,Middle
genre,Middle
chair,Preschool
yearn,Middle
detrimental,Middle
jungle,Elementary
visit,Elementary
opposition,Middle
excite,Elementary
bias,Middle
bird,Preschool
robot,Elementary
analogous,Middle
forest,Elementary
in,Preschool
toy,Preschool
kick,Elementary
frog,Preschool
metaphor,Middle
rescue,Elementary
lesson,Elementary
litigate,Middle
eloquent,Middle
above,Elementary
unicorn,Elementary
door,Preschool
grievance,Middle
car,Preschool
van,Preschool
query,Middle
jungle,Elementary
science,Elementary
island,Elementary
yellow,Preschool
box,Preschool
rain,Preschool
quiz,Elementary
quiz,Elementary
notion,Middle
under,Preschool
notorious,Middle
ice,Preschool
neighbor,Elementary
discover,Elementary
jump,Preschool
grape,Preschool
above,Elementary
cat,Preschool
book,Preschool
observe,Elementary
significance,Middle
juice,Preschool
ear,Preschool
divide,Elementary
revise,Middle
formulate,Middle
bird,Preschool
up,Preschool
x-ray,Elementary
excite,Elementary
planet,Elementary
heritage,Middle
quiet,Preschool
x-ray,Elementary
car,Preschool
objective,Middle
metaphor,Middle
rescue,Elementary
ice,Preschool
go,Preschool
below,Elementary
opposition,Middle
friend,Elementary
key,Preschool
fish,Preschool
ball,Preschool
climb,Elementary
query,Middle
quarantine,Middle
happy,Preschool
eloquent,Middle
yell,Elementary
divide,Elementary
rhetoric,Middle
x-ray,Elementary
yes,Preschool
kinetic,Middle
juxtapose,Middle
bias,Middle
zealot,Middle
key,Preschool
zealot,Middle
net,Preschool
withstand,Middle
magic,Elementary
vase,Preschool
hypothesis,Middle
vulnerable,Middle
mediate,Middle
above,Elementary
zoo,Preschool
team,Elementary
legislative,Middle
inference,Middle
verify,Middle
dog,Preschool
litigate,Middle
quiet,Elementary
lion,Preschool
observe,Elementary
evaluate,Middle
milk,Preschool
jungle,Elementary
zealous,Middle
hypothesis,Middle
rescue,Elementary
ice,Preschool
excite,Elementary
apple,Preschool
island,Elementary
key,Preschool
kite,Preschool
bird,Preschool
circle,Elementary
story,Elementary
yell,Elementary
tree,Preschool
water,Preschool
wary,Middle
grievance,Middle
puzzle,Elementary
genre,Middle
utilize,Middle
subtle,Middle
ink,Preschool
below,Elementary
zebra,Elementary
jelly,Preschool
divide,Elementary
friend,Elementary
zealot,Middle
vulnerable,Middle
helpful,Elementary
vulnerable,Middle
neighbor,Elementary
circle,Elementary
planet,Elementary
magic,Elementary
withstand,Middle
significance,Middle
query,Middle
go,Preschool
query,Middle
interpret,Middle
watch,Preschool
grievance,Middle
gravity,Elementary
helpful,Elementary
gift,Preschool
discover,Elementary
honest,Elementary
water,Preschool
watch,Preschool
abolish,Middle
eloquent,Middle
query,Middle
yes,Preschool
idea,Elementary
detrimental,Middle
jungle,Elementary
up,Preschool
moon,Preschool
paradox,Middle
cat,Preschool
opposition,Middle
under,Preschool
inference,Middle
water,Preschool
book,Preschool
zealot,Middle
kite,Preschool
quarantine,Middle
yell,Elementary
nose,Preschool
paradox,Middle
juice,Preschool
jump,Preschool
adventure,Elementary
juxtapose,Middle
gravity,Elementary
transcend,Middle
kind,Elementary
circle,Elementary
lion,Preschool
climb,Elementary
helpful,Elementary
zipper,Preschool
energy,Elementary
king,Preschool
water,Preschool
cite,Middle
in,Preschool
justify,Middle
bias,Middle
rescue,Elementary
metaphor,Middle
visit,Elementary
wonder,Elementary
night,Elementary
yearn,Middle
zebra,Elementary
pencil,Preschool
helpful,Elementary
subtle,Middle
x-ray,Elementary
wary,Middle
zealot,Middle
brave,Elementary
honest,Elementary
pig,Preschool
discover,Elementary
interpret,Middle
kinetic,Middle
helpful,Elementary
benevolent,Middle
leaf,Preschool
rain,Preschool
coincide,Middle
egg,Preschool
story,Elementary
planet,Elementary
verify,Middle
litigate,Middle
magic,Elementary
adventure,Elementary
excite,Elementary
yearn,Middle
vulnerable,Middle
pig,Preschool
idea,Elementary
ink,Preschool
benevolent,Middle
litigate,Middle
team,Elementary
circle,Elementary
cite,Middle
robot,Elementary
legislative,Middle
zealot,Middle
below,Elementary
up,Preschool
island,Elementary
withstand,Middle
kinetic,Middle
robot,Elementary
quiz,Elementary
up,Preschool
eloquent,Middle
objective,Middle
ear,Preschool
ball,Preschool
analogous,Middle
sun,Preschool
rescue,Elementary
science,Elementary
honest,Elementary
toy,Preschool
door,Preschool
mediate,Middle
wary,Middle
sun,Preschool
chair,Preschool
book,Preschool
tree,Preschool
dog,Preschool
cite,Middle
unanimous,Middle
circle,Elementary
derive,Middle
idea,Elementary
benevolent,Middle
go,Preschool
nose,Preschool
observe,Elementary
vase,Preschool
vulnerable,Middle
story,Elementary
in,Preschool
under,Preschool
puzzle,Elementary
dog,Preschool
open,Preschool
joke,Elementary
watch,Preschool
fish,Preschool
visit,Elementary
toy,Preschool
box,Preschool
science,Elementary
cat,Preschool
derive,Middle
zebra,Elementary
notion,Middle
forest,Elementary
unicorn,Elementary
interpret,Middle
quarantine,Middle
paradox,Middle
story,Elementary
juxtapose,Middle
energy,Elementary
planet,Elementary
joke,Elementary
brave,Elementary
water,Preschool
notion,Middle
robot,Elementary
zipper,Preschool
mediate,Middle
island,Elementary
legislative,Middle
chair,Preschool
go,Preschool
hypothesis,Middle
wary,Middle
revise,Middle
happy,Preschool
fish,Preschool
heritage,Middle
divide,Elementary
interpret,Middle
forest,Elementary
metaphor,Middle
notorious,Middle
zealous,Middle
egg,Preschool
yell,Elementary
analogous,Middle
abolish,Middle
formulate,Middle
jungle,Elementary
sun,Preschool
quiet,Elementary
above,Elementary
energy,Elementary
red,Preschool
unicorn,Elementary
wary,Middle
egg,Preschool
zealous,Middle
car,Preschool
door,Preschool
under,Preschool
fish,Preschool
gift,Preschool
net,Preschool
cat,Preschool
inference,Middle
giant,Elementary
justify,Middle
yes,Preschool
formulate,Middle
kind,Elementary
excite,Elementary
lion,Preschool
watch,Preschool
vase,Preschool
island,Elementary
jungle,Elementary
precedent,Middle
above,Elementary
honest,Elementary
laugh,Elementary
x-ray,Elementary
sock,Preschool
x-ray,Elementary
hypothesis,Middle
dog,Preschool
night,Elementary
benevolent,Middle
apple,Preschool
zealot,Middle
leaf,Preschool
hand,Preschool
go,Preschool
gravity,Elementary
pencil,Preschool
story,Elementary
king,Preschool
king,Preschool
joke,Elementary
excite,Elementary
metaphor,Middle
pencil,Preschool
inference,Middle
wary,Middle
red,Preschool
xenophobia,Middle
yes,Preschool
x-ray,Elementary
abolish,Middle
ice,Preschool
unicorn,Elementary
derive,Middle
fluctuate,Middle
rain,Preschool
queen,Preschool
evaluate,Middle
cite,Middle
net,Preschool
ball,Preschool
team,Elementary
notorious,Middle
under,Preschool
ice,Preschool
quiet,Elementary
rhetoric,Middle
bird,Preschool
robot,Elementary
utilize,Middle
observe,Elementary
kinetic,Middle
abolish,Middle
open,Preschool
wary,Middle
moon,Preschool
interpret,Middle
query,Middle
mirror,Elementary
red,Preschool
dance,Preschool
gift,Preschool
formulate,Middle
night,Elementary
car,Preschool
zipper,Preschool
paradox,Middle
rain,Preschool
nose,Preschool
jump,Preschool
benevolent,Middle
island,Elementary
revise,Middle
fluctuate,Middle
rhetoric,Middle
detrimental,Middle
objective,Middle
dance,Preschool
team,Elementary
happy,Preschool
yield,Middle
opposition,Middle
yield,Middle
brave,Elementary
honest,Elementary
water,Preschool
yearn,Middle
kind,Elementary
mirror,Elementary
mirror,Elementary
abolish,Middle
gift,Preschool
moon,Preschool
tree,Preschool
yes,Preschool
fluctuate,Middle
coincide,Middle
discover,Elementary
juxtapose,Middle
dance,Preschool
puzzle,Elementary
cat,Preschool
milk,Preschool
benevolent,Middle
analogous,Middle
lesson,Elementary
sock,Preschool
significance,Middle
nose,Preschool
observe,Elementary
litigate,Middle
transcend,Middle
withstand,Middle
interpret,Middle
jump,Preschool
story,Elementary
circle,Elementary
box,Preschool
pig,Preschool
gravity,Elementary
ear,Preschool
planet,Elementary
yes,Preschool
litigate,Middle
detrimental,Middle
story,Elementary
brave,Elementary
toy,Preschool
pencil,Preschool
dance,Preschool
king,Preschool
kinetic,Middle
laugh,Elementary
kind,Elementary
forest,Elementary
milk,Preschool
hat,Preschool
in,Preschool
hat,Preschool
mirror,Elementary
joke,Elementary
zipper,Preschool
kick,Elementary
unanimous,Middle
jungle,Elementary
forest,Elementary
thesis,Middle
puzzle,Elementary
objective,Middle
zebra,Elementary
yell,Elementary
below,Elementary
evaluate,Middle
toy,Preschool
lesson,Elementary
juice,Preschool
quiz,Elementary
unanimous,Middle
cite,Middle
formulate,Middle
nose,Preschool
friend,Elementary
ink,Preschool
dance,Preschool
sock,Preschool
kick,Elementary
island,Elementary
yes,Preschool
opposition,Middle
utilize,Middle
giant,Elementary
neighbor,Elementary
yell,Elementary
frog,Preschool
box,Preschool
unanimous,Middle
idea,Elementary
yearn,Middle
transcend,Middle
metaphor,Middle
chair,Preschool
chair,Preschool
net,Preschool
kinetic,Middle
door,Preschool
foot,Preschool
eloquent,Middle
zebra,Elementary
justify,Middle
rescue,Elementary
unicorn,Elementary
jungle,Elementary
lion,Preschool
foot,Preschool
friend,Elementary
toy,Preschool
yield,Middle
brave,Elementary
circle,Elementary
yell,Elementary
litigate,Middle
vulnerable,Middle
analogous,Middle
adventure,Elementary
lesson,Elementary
laugh,Elementary
rhetoric,Middle
vulnerable,Middle
brave,Elementary
rescue,Elementary
climb,Elementary
door,Preschool
foot,Preschool
frog,Preschool
milk,Preschool
revise,Middle
visit,Elementary
xenophobia,Middle
utilize,Middle
divide,Elementary
unicorn,Elementary
grievance,Middle
rescue,Elementary
gravity,Elementary
quiz,Elementary
yearn,Middle
tree,Preschool
xylophone,Preschool
revise,Middle
kite,Preschool
in,Preschool
opposition,Middle
yes,Preschool
pig,Preschool
key,Preschool
utilize,Middle
yearn,Middle
zealot,Middle
lion,Preschool
friend,Elementary
abolish,Middle
discover,Elementary
gift,Preschool
juxtapose,Middle
above,Elementary
laugh,Elementary
hand,Preschool
legislative,Middle
analogous,Middle
idea,Elementary
lion,Preschool
analogous,Middle
significance,Middle
precedent,Middle
rain,Preschool
forest,Elementary
gravity,Elementary
objective,Middle
lesson,Elementary
pig,Preschool
ice,Preschool
chair,Preschool
visit,Elementary
team,Elementary
under,Preschool
queen,Preschool
frog,Preschool
in,Preschool
ocean,Elementary
objective,Middle
ear,Preschool
genre,Middle
ink,Preschool
adventure,Elementary
leaf,Preschool
thesis,Middle
tree,Preschool
visit,Elementary
laugh,Elementary
joke,Elementary
benevolent,Middle
abolish,Middle
kinetic,Middle
circle,Elementary
bias,Middle
bias,Middle
magic,Elementary
leaf,Preschool
hypothesis,Middle
gift,Preschool
queen,Preschool
formulate,Middle
rescue,Elementary
key,Preschool
key,Preschool
honest,Elementary
puzzle,Elementary
inference,Middle
detrimental,Middle
quiet,Elementary
unicorn,Elementary
unanimous,Middle
happy,Preschool
coincide,Middle
quiz,Elementary
friend,Elementary
kite,Preschool
notorious,Middle
derive,Middle
vulnerable,Middle
paradox,Middle
climb,Elementary
wary,Middle
in,Preschool
idea,Elementary
query,Middle
idea,Elementary
climb,Elementary
yearn,Middle
lion,Preschool
excite,Elementary
ink,Preschool
genre,Middle
pencil,Preschool
unicorn,Elementary
sock,Preschool
gravity,Elementary
happy,Preschool
hat,Preschool
toy,Preschool
giant,Elementary
divide,Elementary
hand,Preschool
ink,Preschool
interpret,Middle
island,Elementary
magic,Elementary
forest,Elementary
puzzle,Elementary
formulate,Middle
happy,Preschool
up,Preschool
notion,Middle
divide,Elementary
kick,Elementary
adventure,Elementary
zipper,Preschool
king,Preschool
happy,Preschool
genre,Middle
revise,Middle
genre,Middle
key,Preschool
jump,Preschool
dance,Preschool
vase,Preschool
grape,Preschool
lion,Preschool
door,Preschool
night,Elementary
kick,Elementary
egg,Preschool
kind,Elementary
legislative,Middle
query,Middle
gravity,Elementary
in,Preschool
van,Preschool
ocean,Elementary
coincide,Middle
legislative,Middle
withstand,Middle
neighbor,Elementary
juice,Preschool
zipper,Preschool
nose,Preschool
lesson,Elementary
neighbor,Elementary
door,Preschool
zebra,Elementary
forest,Elementary
subtle,Middle
giant,Elementary
leaf,Preschool
orange,Preschool
juxtapose,Middle
subtle,Middle
toy,Preschool
yes,Preschool
key,Preschool
derive,Middle
tree,Preschool
formulate,Middle
up,Preschool
forest,Elementary
joke,Elementary
in,Preschool
energy,Elementary
fluctuate,Middle
fish,Preschool
egg,Preschool
excite,Elementary
mediate,Middle
juice,Preschool
laugh,Elementary
zoo,Preschool
analogous,Middle
forest,Elementary
ear,Preschool
heritage,Middle
mirror,Elementary
giant,Elementary
paradox,Middle
hat,Preschool
bias,Middle
grievance,Middle
up,Preschool
yearn,Middle
kite,Preschool
excite,Elementary
hand,Preschool
orange,Preschool
go,Preschool
apple,Preschool
ball,Preschool
thesis,Middle
zealous,Middle
puzzle,Elementary
transcend,Middle
cite,Middle
paradox,Middle
yell,Elementary
yearn,Middle
formulate,Middle
science,Elementary
queen,Preschool
evaluate,Middle
go,Preschool
jelly,Preschool
eloquent,Middle
justify,Middle
jungle,Elementary
king,Preschool
fluctuate,Middle
rain,Preschool
under,Preschool
yearn,Middle
island,Elementary
justify,Middle
metaphor,Middle
bias,Middle
justify,Middle
science,Elementary
adventure,Elementary
yellow,Preschool
frog,Preschool
analogous,Middle
orange,Preschool
cite,Middle
mirror,Elementary
x-ray,Elementary
kind,Elementary
notion,Middle
gravity,Elementary
vulnerable,Middle
energy,Elementary
quarantine,Middle
science,Elementary
pencil,Preschool
divide,Elementary
happy,Preschool
paradox,Middle
moon,Preschool
team,Elementary
divide,Elementary
abolish,Middle
net,Preschool
bias,Middle
hypothesis,Middle
nose,Preschool
sock,Preschool
ocean,Elementary
mirror,Elementary
science,Elementary
vase,Preschool
car,Preschool
visit,Elementary
benevolent,Middle
zealot,Middle
sock,Preschool
team,Elementary
formulate,Middle
helpful,Elementary
grievance,Middle
thesis,Middle
hand,Preschool
benevolent,Middle
magic,Elementary
zealot,Middle
pencil,Preschool
subtle,Middle
xylophone,Preschool
significance,Middle
wary,Middle
wonder,Elementary
water,Preschool
excite,Elementary
honest,Elementary
yield,Middle
yell,Elementary
unanimous,Middle
lesson,Elementary
pencil,Preschool
justify,Middle
yield,Middle
evaluate,Middle
observe,Elementary
ice,Preschool
honest,Elementary
observe,Elementary
bird,Preschool
night,Elementary
planet,Elementary
jungle,Elementary
abolish,Middle
litigate,Middle
king,Preschool
divide,Elementary
legislative,Middle
go,Preschool
magic,Elementary
ice,Preschool
query,Middle
energy,Elementary
rain,Preschool
bias,Middle
door,Preschool
vase,Preschool
pencil,Preschool
cat,Preschool
water,Preschool
gift,Preschool
thesis,Middle
island,Elementary
neighbor,Elementary
unicorn,Elementary
cite,Middle
gravity,Elementary
notion,Middle
science,Elementary
forest,Elementary
genre,Middle
night,Elementary
open,Preschool
excite,Elementary
rhetoric,Middle
quiet,Preschool
ball,Preschool
kinetic,Middle
net,Preschool
giant,Elementary
visit,Elementary
grievance,Middle
objective,Middle
zebra,Elementary
robot,Elementary
brave,Elementary
yield,Middle
brave,Elementary
idea,Elementary
dog,Preschool
xylophone,Preschool
gravity,Elementary
rain,Preschool
box,Preschool
divide,Elementary
divide,Elementary
yellow,Preschool
magic,Elementary
discover,Elementary
milk,Preschool
zealous,Middle
evaluate,Middle
kick,Elementary
ocean,Elementary
discover,Elementary
mediate,Middle
brave,Elementary
notorious,Middle
island,Elementary
honest,Elementary
night,Elementary
yearn,Middle
thesis,Middle
neighbor,Elementary
giant,Elementary
pig,Preschool
significance,Middle
magic,Elementary
eloquent,Middle
derive,Middle
zealous,Middle
jungle,Elementary
climb,Elementary
discover,Elementary
wary,Middle
observe,Elementary
apple,Preschool
discover,Elementary
verify,Middle
formulate,Middle
genre,Middle
lesson,Elementary
x-ray,Elementary
key,Preschool
unicorn,Elementary
xylophone,Preschool
precedent,Middle
xylophone,Preschool
island,Elementary
above,Elementary
mirror,Elementary
bird,Preschool
hand,Preschool
revise,Middle
foot,Preschool
moon,Preschool
opposition,Middle
genre,Middle
circle,Elementary
precedent,Middle
joke,Elementary
kinetic,Middle
apple,Preschool
energy,Elementary
xenophobia,Middle
ocean,Elementary
fluctuate,Middle
verify,Middle
yes,Preschool
forest,Elementary
eloquent,Middle
water,Preschool
king,Preschool
idea,Elementary
up,Preschool
genre,Middle
notorious,Middle
cite,Middle
forest,Elementary
sun,Preschool
litigate,Middle
jelly,Preschool
x-ray,Elementary
grape,Preschool
precedent,Middle
below,Elementary
below,Elementary
adventure,Elementary
utilize,Middle
bias,Middle
rescue,Elementary
helpful,Elementary
subtle,Middle
egg,Preschool
metaphor,Middle
adventure,Elementary
milk,Preschool
toy,Preschool
justify,Middle
sock,Preschool
opposition,Middle
leaf,Preschool
forest,Elementary
net,Preschool
moon,Preschool
rhetoric,Middle
significance,Middle
quiet,Elementary
friend,Elementary
key,Preschool
key,Preschool
rhetoric,Middle
key,Preschool
kick,Elementary
van,Preschool
quiet,Preschool
night,Elementary
bias,Middle
zealot,Middle
red,Preschool
friend,Elementary
night,Elementary
notion,Middle
visit,Elementary
adventure,Elementary
kind,Elementary
detrimental,Middle
juice,Preschool
gift,Preschool
grievance,Middle
circle,Elementary
energy,Elementary
objective,Middle
discover,Elementary
metaphor,Middle
yearn,Middle
query,Middle
ball,Preschool
legislative,Middle
notion,Middle
apple,Preschool
justify,Middle
below,Elementary
opposition,Middle
notorious,Middle
subtle,Middle
vase,Preschool
honest,Elementary
derive,Middle
quiz,Elementary
story,Elementary
water,Preschool
interpret,Middle
jump,Preschool
planet,Elementary
pig,Preschool
withstand,Middle
withstand,Middle
inference,Middle
lesson,Elementary
frog,Preschool
eloquent,Middle
car,Preschool
abolish,Middle
van,Preschool
orange,Preschool
excite,Elementary
yearn,Middle
gift,Preschool
joke,Elementary
heritage,Middle
detrimental,Middle
unicorn,Elementary
query,Middle
yellow,Preschool
kind,Elementary
kite,Preschool
transcend,Middle
justify,Middle
gravity,Elementary
foot,Preschool
neighbor,Elementary
vase,Preschool
transcend,Middle
idea,Elementary
friend,Elementary
ocean,Elementary
yell,Elementary
up,Preschool
